timestamp,lon,lat,temperature,deviceRef
2026-05-28 09:07:16.467,2.184768,41.382752,35.6,217475
2026-05-28 09:07:50.787,2.184766,41.382252,38.9,217475
2026-06-03 09:07:56.860,1.736423,41.223368,29.2,217475
2026-06-03 09:08:30.980,1.736421,41.223364,29.5,217475
2026-06-03 09:09:05.477,1.736409,41.22336,29.8,217475
2026-06-03 09:09:05.480,1.736409,41.22336,29.8,217475
2026-06-03 09:10:13.917,1.736415,41.22336,30.3,217475
2026-06-03 09:10:13.920,1.732319,41.22336,30.3,217475
2026-06-03 09:10:48.437,1.7364,41.223368,30.4,217475
2026-06-03 09:11:22.757,1.73639,41.223364,30.5,217475
2026-06-03 09:11:57.057,1.736396,41.22336,30.6,217475
2026-06-03 09:12:31.177,1.736401,41.22336,30.7,217475
2026-06-08 09:04:24.880,2.186107,41.361592,20.7,217475
2026-06-08 09:05:17.720,2.185871,41.361596,20.8,217475
2026-06-08 09:06:10.580,2.185905,41.361632,20.8,217475
2026-06-08 09:11:27.570,2.185834,41.361652,20.8,217475
2026-06-08 09:12:20.410,2.185937,41.361672,20.7,217475
2026-06-08 09:13:13.230,2.185947,41.361672,20.8,217475
2026-06-08 09:14:06.070,2.185776,41.361736,20.8,217475
2026-06-08 09:34:21.294,2.186464,41.362484,21.6,217475
2026-06-08 09:35:14.134,2.186442,41.362504,20.8,217475
2026-06-08 09:36:06.974,2.186387,41.3625,20.8,217475
2026-06-08 09:36:59.814,2.186439,41.3625,20.8,217475
2026-06-08 09:37:52.634,2.186453,41.362532,20.9,217475
2026-06-08 09:42:16.802,2.186478,41.362572,19.2,217475
2026-06-08 09:43:09.642,2.186463,41.362588,20.9,217475
2026-06-08 09:45:48.142,2.186417,41.362648,20.9,217475
2026-06-08 09:46:40.982,2.186443,41.362452,20.9,217475
2026-06-08 10:02:31.896,2.186487,41.363,21.0,217475
2026-06-08 10:30:02.201,2.186996,41.363084,27.9,217475
2026-06-08 10:30:55.081,2.187026,41.362984,28.3,217475
2026-06-08 10:31:47.961,2.187006,41.362984,28.4,217475
2026-06-10 16:13:09.283,2.187988,41.435304,25.4,217475
2026-06-10 16:13:43.643,2.18798,41.435304,24.8,217475
2026-06-10 16:14:17.803,2.188059,41.435312,24.3,217475
2026-06-10 16:15:26.163,2.18793,41.435304,24.0,217475
2026-06-10 16:16:00.323,2.188007,41.435252,23.8,217475
2026-06-10 16:42:13.379,2.187961,41.435328,25.1,217475
2026-06-10 16:42:47.739,2.187947,41.435308,25.4,217475
2026-06-10 16:43:21.719,2.187959,41.435296,25.4,217475
2026-06-10 16:43:55.899,2.187967,41.435284,24.6,217475
2026-06-10 16:44:30.059,2.187976,41.435296,24.8,217475
2026-06-10 16:45:38.419,2.187973,41.435316,24.7,217475
2026-06-10 16:46:12.779,2.187952,41.43528,24.7,217475
2026-06-10 16:46:46.959,2.187966,41.435276,24.6,217475
2026-06-13 07:02:57.451,2.187955,41.435276,26.5,217475
2026-06-13 07:03:31.431,2.187932,41.435296,27.8,217475
2026-06-13 07:04:39.771,2.187958,41.435336,29.8,217475
2026-06-13 07:05:14.151,2.187943,41.435344,30.3,217475
2026-06-13 07:05:48.131,2.18796,41.435324,30.4,217475
2026-06-13 07:25:37.790,2.188264,41.43532,31.7,217475
2026-06-13 07:26:11.990,2.188024,41.435316,31.8,217475
2026-06-13 07:26:46.390,2.188,41.435316,32.3,217475
2026-06-13 07:27:20.590,2.187985,41.435316,32.7,217475
2026-06-13 07:27:54.790,2.187954,41.43532,32.3,217475
2026-06-13 07:28:28.990,2.187972,41.435316,32.5,217475
2026-06-13 07:29:03.010,2.187967,41.435316,32.6,217475
2026-06-13 07:29:37.390,2.187979,41.435316,32.0,217475
2026-06-13 07:30:11.410,2.188006,41.435316,31.5,217475
2026-06-13 09:15:49.853,2.187963,41.435328,35.6,217475
2026-06-13 09:16:24.073,2.187955,41.435312,35.3,217475
2026-06-13 09:16:58.473,2.187949,41.435316,35.4,217475
2026-06-13 09:17:32.473,2.187956,41.435328,35.5,217475
2026-06-13 09:18:06.673,2.187966,41.435344,34.9,217475
2026-06-13 09:18:41.053,2.187949,41.435352,35.2,217475
2026-06-13 09:19:15.053,2.187934,41.435344,35.3,217475
2026-06-13 09:19:49.460,2.187975,41.435328,35.4,217475
2026-06-13 09:19:49.473,2.187975,41.435328,35.4,217475
2026-06-13 09:20:23.460,2.18795,41.435348,35.7,217475
2026-06-13 09:20:57.660,2.187965,41.435344,35.8,217475
2026-06-13 09:21:31.860,2.18797,41.435328,35.8,217475
2026-06-13 09:22:06.060,2.18793,41.435328,35.8,217475
2026-06-13 09:22:40.460,2.187957,41.435312,35.7,217475
2026-06-13 09:23:14.460,2.187931,41.435304,35.0,217475
2026-06-13 09:23:48.660,2.187936,41.435308,35.5,217475
2026-06-13 09:24:22.860,2.187965,41.435296,35.4,217475
2026-06-13 09:44:54.233,2.188011,41.435284,34.2,217475
2026-06-13 09:46:02.413,2.187986,41.435316,33.3,217475
2026-06-13 09:47:10.813,2.187932,41.435328,33.2,217475
2026-06-13 09:47:45.013,2.188972,41.435324,61.4,217475
2026-06-13 09:48:19.213,2.187936,41.435324,32.3,217475
2026-06-13 09:48:53.413,2.187936,41.435332,32.2,217475
2026-06-13 09:49:27.813,2.187951,41.435316,32.2,217475
2026-06-15 09:07:32.412,2.187919,41.435296,32.0,217475
2026-06-15 09:15:09.502,2.187966,41.435308,31.6,217475
2026-06-15 09:15:09.510,2.187966,41.435308,31.6,217475
2026-06-15 09:15:43.482,2.18797,41.435312,32.0,217475
2026-06-15 09:37:33.529,2.187962,41.435324,31.7,217475
2026-06-15 09:38:07.509,2.187956,41.435328,31.8,217475
2026-06-15 09:45:12.814,2.187937,41.435312,32.5,217475
2026-06-15 10:06:33.327,2.188011,41.43532,32.7,217475
2026-06-15 10:07:07.707,2.188005,41.43532,33.1,217475
2026-06-15 10:49:18.203,2.188189,41.435248,32.8,217475
2026-06-15 10:49:52.403,2.192325,41.435236,32.6,217475
2026-06-15 11:04:16.375,2.18798,41.4353,31.9,217475
2026-06-15 11:24:12.754,2.187915,41.435384,35.5,217475
2026-06-15 11:24:46.954,2.187914,41.435324,32.2,217475
2026-06-15 11:31:03.432,2.187975,41.435252,31.3,217475
2026-06-15 11:31:37.652,2.187983,41.435216,31.0,217475
2026-06-15 11:52:30.633,2.187927,41.435332,31.9,217475
2026-06-15 12:41:09.529,2.18799,41.435292,31.5,217475
2026-06-15 12:41:43.729,2.187987,41.435292,31.1,217475
2026-06-15 13:03:06.639,2.188008,41.435252,31.6,217475
2026-06-15 13:29:56.647,2.188,41.435288,31.6,217475
2026-06-15 13:30:30.630,2.188027,41.435288,32.7,217475
2026-06-15 13:51:08.630,2.188147,41.435304,31.6,217475
2026-06-15 13:51:42.650,2.188171,41.435308,32.0,217475
2026-06-15 14:12:09.555,2.187944,41.435256,33.4,217475
2026-06-15 14:12:43.535,2.187938,41.43526,33.6,217475
2026-06-15 14:39:38.486,2.18795,41.435396,33.2,217475
2026-06-15 14:40:12.886,2.187952,41.435388,33.4,217475
2026-06-15 15:00:57.566,2.187932,41.435332,31.1,217475
2026-06-15 15:01:31.566,2.187931,41.43534,32.1,217475
2026-06-15 15:50:09.327,2.187992,41.435232,30.9,217475
2026-06-15 15:50:43.527,2.18799,41.43524,30.6,217475
2026-06-15 16:18:03.319,2.187909,41.435316,30.6,217475
2026-06-15 16:18:37.719,2.187904,41.435316,30.8,217475
2026-06-15 16:24:56.995,2.187951,41.435284,30.0,217475
2026-06-15 16:53:03.514,2.187983,41.435304,30.3,217475
2026-06-15 16:53:37.714,2.187955,41.435312,30.5,217475
2026-06-15 17:51:02.432,2.187935,41.435312,29.6,217475
2026-06-15 17:51:36.832,2.187933,41.435312,29.7,217475
2026-06-15 17:58:14.859,2.187955,41.435288,25.6,217475
2026-06-15 17:58:14.859,2.187955,41.435288,25.6,217475
2026-06-15 18:12:19.166,2.188058,41.43542,29.3,217475
2026-06-15 18:12:53.546,2.188061,41.435404,29.4,217475
2026-06-15 18:33:16.148,2.188101,41.435288,28.8,217475
2026-06-15 18:39:32.628,2.187942,41.435364,28.6,217475
2026-06-15 19:00:08.490,2.188016,41.435296,28.1,217475
2026-06-15 19:00:42.890,2.188018,41.435296,28.1,217475
2026-06-15 19:27:38.626,2.18798,41.435316,27.4,217475
2026-06-15 19:28:12.626,2.187994,41.43532,27.4,217475
2026-06-15 19:28:12.631,2.187802,41.43532,27.4,217475
2026-06-15 20:02:22.219,2.187957,41.435268,26.8,217475
2026-06-15 20:08:38.689,2.187988,41.435296,26.7,217475
2026-06-15 20:09:12.889,2.187986,41.435292,26.7,217475
2026-06-15 20:36:12.827,2.187955,41.435316,26.2,217475
2026-06-15 20:36:46.827,2.187954,41.435316,26.3,217475
2026-06-15 21:04:26.779,2.187928,41.435312,26.6,217475
2026-06-15 21:04:26.788,2.187928,41.435312,26.6,217475
2026-06-15 21:04:26.792,2.187928,41.435312,26.6,217475
2026-06-15 21:05:00.988,2.187926,41.435316,26.5,217475
2026-06-15 21:05:00.992,2.187926,41.435316,26.5,217475
2026-06-18 08:20:32.431,2.188051,41.435396,29.9,217475
2026-06-18 08:21:13.551,2.18801,41.435388,29.4,217475
2026-06-18 08:45:01.532,2.187933,41.435316,28.9,217475
2026-06-18 08:51:44.408,2.187948,41.435296,28.4,217475
2026-06-18 08:51:44.413,2.187948,41.435296,28.4,217475
2026-06-18 08:52:25.528,2.187937,41.435312,28.5,217475
2026-06-18 09:21:08.406,2.187903,41.435316,29.0,217475
2026-06-18 09:21:49.526,2.187938,41.435288,29.0,217475
2026-06-18 09:43:09.342,2.188007,41.435332,29.6,217475
2026-06-18 09:43:50.482,2.188001,41.435336,30.3,217475
2026-06-18 09:50:27.325,2.187933,41.435288,29.5,217475
2026-06-18 12:26:38.448,2.187906,41.43528,29.1,217475
2026-06-18 12:27:19.608,2.187938,41.435268,29.5,217475
2026-06-18 12:28:00.728,2.187892,41.435316,29.0,217475
2026-06-18 12:49:36.504,2.187937,41.43528,31.2,217475
2026-06-18 13:12:18.756,2.187946,41.435296,29.3,217475
2026-06-18 13:34:00.732,2.187938,41.435328,29.2,217475
2026-06-18 13:39:56.472,2.187935,41.435316,28.8,217475
2026-06-18 13:40:37.612,2.187932,41.43534,29.5,217475
2026-06-18 13:40:37.617,2.187932,41.43534,29.5,217475
2026-06-18 13:41:18.772,2.187937,41.435344,36.3,217475
2026-06-18 14:02:35.276,2.188112,41.434908,29.9,217475
2026-06-18 14:03:16.415,2.187971,41.43528,30.1,217475
2026-06-18 14:03:57.555,2.187952,41.43532,30.5,217475
2026-06-18 14:24:40.195,2.187929,41.43534,30.5,217475
2026-06-18 14:25:21.335,2.187921,41.43534,30.7,217475
2026-06-18 14:26:02.475,2.187891,41.4354,31.0,217475
2026-06-18 14:46:49.615,2.187932,41.4353,29.6,217475
2026-06-18 14:47:30.754,2.187929,41.435304,29.9,217475
2026-06-18 15:38:33.347,2.187952,41.435296,27.3,217475
2026-06-18 15:54:09.397,2.187953,41.435288,27.5,217475
2026-06-18 15:54:50.537,2.187951,41.435276,27.9,217475
2026-06-18 16:09:39.351,2.187981,41.4353,27.1,217475
2026-06-18 16:10:20.511,2.187987,41.435308,27.0,217475
2026-06-18 16:11:01.651,2.18798,41.435304,27.3,217475
2026-06-18 16:41:08.446,2.188001,41.435272,27.5,217475
2026-06-18 16:41:49.586,2.187998,41.435256,27.1,217475
2026-06-18 16:42:30.726,2.187984,41.435264,27.1,217475
2026-06-18 17:11:26.827,2.187985,41.435264,26.5,217475
2026-06-18 17:12:07.967,2.188001,41.435252,27.0,217475
2026-06-18 17:33:50.496,2.187981,41.435244,27.1,217475
2026-06-18 17:34:31.636,2.187959,41.43526,26.8,217475
2026-06-18 17:48:27.147,2.187929,41.435284,26.2,217475
2026-06-18 17:54:56.827,2.187961,41.435268,26.3,217475
2026-06-18 17:55:37.961,2.187966,41.43526,26.3,217475
2026-06-18 17:55:37.967,2.187966,41.43526,26.3,217475
2026-06-18 17:56:19.101,2.187949,41.435284,26.4,217475
2026-06-18 17:56:19.107,2.187949,41.435284,26.4,217475
2026-06-18 18:23:44.502,2.187924,41.435324,26.0,217475
2026-06-18 18:24:25.662,2.187969,41.435264,26.2,217475
2026-06-18 18:25:06.802,2.187932,41.43532,26.4,217475
2026-06-18 18:46:39.358,2.187864,41.435168,25.9,217475
2026-06-18 18:47:20.498,2.187886,41.435192,25.8,217475
2026-06-18 18:48:01.638,2.187944,41.435244,25.8,217475
2026-06-18 19:10:39.375,2.187968,41.435296,25.2,217475
2026-06-18 19:11:20.515,2.187993,41.43532,25.3,217475
2026-06-18 19:12:01.655,2.187899,41.435288,25.3,217475
2026-06-18 19:33:40.247,2.188025,41.435284,24.4,217475
2026-06-18 19:33:40.260,2.188025,41.435284,24.4,217475
2026-06-18 19:40:46.400,2.18797,41.435236,24.2,217475
2026-06-18 19:41:27.540,2.187977,41.435252,24.2,217475
2026-06-18 19:42:08.675,2.187924,41.435288,24.3,217475
2026-06-18 19:42:08.680,2.187932,41.435288,24.3,217475
2026-06-18 19:48:08.435,2.187869,41.435344,11.7,217475
2026-06-18 20:04:19.640,2.18796,41.43532,24.2,217475
2026-06-18 20:05:00.780,2.187973,41.435312,24.4,217475
2026-06-18 20:12:19.551,2.18797,41.435308,24.2,217475
2026-06-18 20:18:08.451,2.187923,41.435316,24.3,217475
2026-06-18 20:18:49.591,2.187914,41.435316,24.3,217475
2026-06-18 20:19:30.731,2.187908,41.435348,24.3,217475
2026-06-18 20:32:57.314,2.187951,41.435308,24.3,217475
2026-06-18 20:33:38.454,2.187929,41.435312,24.3,217475
2026-06-18 20:34:19.594,2.187938,41.435344,24.3,217475
2026-06-18 20:48:32.442,2.188033,41.435248,24.1,217475
2026-06-18 20:49:54.742,2.187931,41.435312,24.3,217475
2026-06-18 21:17:33.296,2.187931,41.435316,23.8,217475
2026-06-18 21:18:55.576,2.187954,41.439404,23.9,217475
2026-06-18 21:24:57.345,2.188035,41.435308,24.0,217475
2026-06-18 21:24:57.356,2.188035,41.435308,24.0,217475
2026-06-18 21:25:38.496,2.18803,41.4353,23.8,217475
2026-06-18 21:26:19.636,2.18798,41.435264,23.9,217475
2026-06-18 21:40:44.460,2.187943,41.4353,24.0,217475
2026-06-18 21:41:25.600,2.187931,41.435296,24.0,217475
2026-06-18 21:47:09.660,2.18792,41.435316,24.0,217475
2026-06-18 21:48:31.944,2.187927,41.435328,23.9,217475
2026-06-18 21:55:14.452,2.187938,41.435324,23.8,217475
2026-06-18 22:10:03.326,2.187937,41.43526,23.4,217475
2026-06-18 22:11:25.606,2.187956,41.435312,23.4,217475
2026-06-18 22:33:50.484,2.18792,41.435344,23.6,217475
2026-06-18 22:34:31.624,2.187936,41.435324,23.5,217475
2026-06-18 22:40:16.164,2.18795,41.435304,23.8,217475
2026-06-18 23:02:26.133,2.187975,41.43526,24.2,217475
2026-06-18 23:03:07.273,2.187965,41.435276,24.1,217475
2026-06-18 23:09:37.578,2.187983,41.435284,24.0,217475
2026-06-18 23:10:18.718,2.187962,41.4353,23.9,217475
2026-06-18 23:16:49.578,2.187916,41.435204,23.5,217475
2026-06-18 23:23:14.790,2.18797,41.435312,23.2,217475
2026-06-18 23:23:55.930,2.187931,41.435236,23.3,217475
2026-06-18 23:24:37.090,2.187953,41.435328,23.6,217475
2026-06-18 23:45:50.453,2.187924,41.435152,23.2,217475
2026-06-18 23:52:39.314,2.188026,41.435212,23.3,217475
2026-06-18 23:53:20.454,2.187993,41.435216,23.4,217475
2026-06-19 00:17:08.461,2.187967,41.435316,23.3,217475
2026-06-19 00:31:39.488,2.187967,41.435288,23.4,217475
2026-06-19 00:32:20.628,2.187888,41.435276,23.4,217475
2026-06-19 00:33:01.768,2.187925,41.43528,23.4,217475
,2.187926,41.435316,26.5,217475
